{
  "stats": {
    "submitted": 10,
    "finished": 10,
    "running": 0
  },
  "data": [
    [
      1,
      null,
      209652396,
      null,
      4.4549081731382145,
      1.1371982097625732,
      1,
      1700083605.3985176,
      1700083606.5362163,
      {}
    ],
    [
      1,
      null,
      398764591,
      null,
      4.4549081731382145,
      1.14620041847229,
      1,
      1700083606.5387166,
      1700083607.6859174,
      {}
    ],
    [
      2,
      null,
      209652396,
      null,
      1.7837044539397697,
      1.1892082691192627,
      1,
      1700083607.6879182,
      1700083608.8781264,
      {}
    ],
    [
      2,
      null,
      398764591,
      null,
      1.7837044539397697,
      1.157702922821045,
      1,
      1700083608.8801267,
      1700083610.0383296,
      {}
    ],
    [
      2,
      null,
      924231285,
      null,
      1.7837044539397697,
      1.1462008953094482,
      1,
      1700083610.0413294,
      1700083611.188031,
      {}
    ],
    [
      3,
      null,
      209652396,
      null,
      1.2464051317009244,
      1.1336987018585205,
      1,
      1700083611.3245544,
      1700083612.4592535,
      {}
    ],
    [
      3,
      null,
      398764591,
      null,
      1.2464051317009244,
      1.1366987228393555,
      1,
      1700083612.4612536,
      1700083613.5984526,
      {}
    ],
    [
      3,
      null,
      924231285,
      null,
      1.2464051317009244,
      1.1547040939331055,
      1,
      1700083613.6009533,
      1700083614.7561574,
      {}
    ],
    [
      4,
      null,
      209652396,
      null,
      0.7489287303881176,
      1.1381988525390625,
      1,
      1700083614.7636578,
      1700083615.9033563,
      {}
    ],
    [
      4,
      null,
      398764591,
      null,
      0.7489287303881176,
      1.127197265625,
      1,
      1700083615.905857,
      1700083617.0335543,
      {}
    ]
  ],
  "configs": {
    "1": {
      "K1_M": 214,
      "K2_M": 3724,
      "V1_max": 0.0868987974850461,
      "V2_max": 0.424340697770007
    },
    "2": {
      "K1_M": 689,
      "K2_M": 1494,
      "V1_max": 0.5071464707097039,
      "V2_max": 1.1194328343411908
    },
    "3": {
      "K1_M": 771,
      "K2_M": 695,
      "V1_max": 0.6228997662720999,
      "V2_max": 0.7505873684594483
    },
    "4": {
      "K1_M": 603,
      "K2_M": 2167,
      "V1_max": 0.7569001293870754,
      "V2_max": 1.2967467691637322
    }
  },
  "config_origins": {
    "1": "Initial Design: Sobol",
    "2": "Initial Design: Sobol",
    "3": "Acquisition Function Maximizer: Local Search",
    "4": "Acquisition Function Maximizer: Local Search"
  }
}