{
  "stats": {
    "submitted": 51,
    "finished": 51,
    "running": 0
  },
  "data": [
    [
      1,
      null,
      209652396,
      null,
      5.992395745040732,
      1.1997098922729492,
      1,
      1719866792.6754057,
      1719866793.875615,
      {}
    ],
    [
      1,
      null,
      398764591,
      null,
      5.992395745040732,
      1.1952099800109863,
      1,
      1719866793.8781157,
      1719866795.0738254,
      {}
    ],
    [
      2,
      null,
      209652396,
      null,
      12.460886971424213,
      1.192708969116211,
      1,
      1719866795.0758257,
      1719866796.2695353,
      {}
    ],
    [
      2,
      null,
      398764591,
      null,
      12.460886971424213,
      1.2057116031646729,
      1,
      1719866796.2715352,
      1719866797.4782474,
      {}
    ],
    [
      1,
      null,
      924231285,
      null,
      5.992395745040732,
      1.207211971282959,
      1,
      1719866797.4812477,
      1719866798.6889598,
      {}
    ],
    [
      3,
      null,
      209652396,
      null,
      4.559306418830631,
      1.1837077140808105,
      1,
      1719866798.69146,
      1719866799.876168,
      {}
    ],
    [
      3,
      null,
      398764591,
      null,
      4.559306418830631,
      1.2172133922576904,
      1,
      1719866799.8786683,
      1719866801.096382,
      {}
    ],
    [
      3,
      null,
      924231285,
      null,
      4.559306418830631,
      1.2217142581939697,
      1,
      1719866801.0983822,
      1719866802.321097,
      {}
    ],
    [
      4,
      null,
      209652396,
      null,
      6.247489071940928,
      1.2152132987976074,
      1,
      1719866802.3245976,
      1719866803.5403109,
      {}
    ],
    [
      4,
      null,
      398764591,
      null,
      6.247489071940928,
      1.2197134494781494,
      1,
      1719866803.5433118,
      1719866804.7635255,
      {}
    ],
    [
      4,
      null,
      924231285,
      null,
      6.247489071940928,
      1.2002110481262207,
      1,
      1719866804.766026,
      1719866805.9667373,
      {}
    ],
    [
      5,
      null,
      209652396,
      null,
      3.974554625500962,
      1.212212085723877,
      1,
      1719866805.9697378,
      1719866807.1824498,
      {}
    ],
    [
      5,
      null,
      398764591,
      null,
      3.974554625500962,
      1.2117125988006592,
      1,
      1719866807.18495,
      1719866808.3971632,
      {}
    ],
    [
      5,
      null,
      924231285,
      null,
      3.974554625500962,
      1.2012102603912354,
      1,
      1719866808.3996644,
      1719866809.6013741,
      {}
    ],
    [
      6,
      null,
      209652396,
      null,
      5.964669620302159,
      1.1942095756530762,
      1,
      1719866810.118465,
      1719866811.3136747,
      {}
    ],
    [
      6,
      null,
      398764591,
      null,
      5.964669620302159,
      1.2057113647460938,
      1,
      1719866811.3166757,
      1719866812.522887,
      {}
    ],
    [
      6,
      null,
      924231285,
      null,
      5.964669620302159,
      1.1952095031738281,
      1,
      1719866812.5253875,
      1719866813.7215972,
      {}
    ],
    [
      7,
      null,
      209652396,
      null,
      6.108885890306243,
      1.1977105140686035,
      1,
      1719866813.725098,
      1719866814.9238083,
      {}
    ],
    [
      7,
      null,
      398764591,
      null,
      6.108885890306243,
      1.1882083415985107,
      1,
      1719866814.926809,
      1719866816.1155171,
      {}
    ],
    [
      7,
      null,
      924231285,
      null,
      6.108885890306243,
      1.1842074394226074,
      1,
      1719866816.1185179,
      1719866817.3037257,
      {}
    ],
    [
      8,
      null,
      209652396,
      null,
      6.10708609278613,
      1.1997103691101074,
      1,
      1719866817.3072264,
      1719866818.5074368,
      {}
    ],
    [
      8,
      null,
      398764591,
      null,
      6.10708609278613,
      1.210212230682373,
      1,
      1719866818.510438,
      1719866819.72115,
      {}
    ],
    [
      8,
      null,
      924231285,
      null,
      6.10708609278613,
      1.2202141284942627,
      1,
      1719866819.7241504,
      1719866820.9453645,
      {}
    ],
    [
      9,
      null,
      209652396,
      null,
      7.500350857833087,
      1.2102127075195312,
      1,
      1719866820.9493656,
      1719866822.1600778,
      {}
    ],
    [
      9,
      null,
      398764591,
      null,
      7.500350857833087,
      1.2157130241394043,
      1,
      1719866822.1630783,
      1719866823.3792915,
      {}
    ],
    [
      9,
      null,
      924231285,
      null,
      7.500350857833087,
      1.212212085723877,
      1,
      1719866823.3822925,
      1719866824.5950046,
      {}
    ],
    [
      10,
      null,
      209652396,
      null,
      4.022488206200795,
      1.2037112712860107,
      1,
      1719866824.5990052,
      1719866825.8032172,
      {}
    ],
    [
      10,
      null,
      398764591,
      null,
      4.022488206200795,
      1.1957101821899414,
      1,
      1719866825.8062177,
      1719866827.0024278,
      {}
    ],
    [
      10,
      null,
      924231285,
      null,
      4.022488206200795,
      1.188708782196045,
      1,
      1719866827.0059283,
      1719866828.1951368,
      {}
    ],
    [
      11,
      null,
      209652396,
      null,
      7.5519791935981,
      1.1862082481384277,
      1,
      1719866828.1991374,
      1719866829.3858457,
      {}
    ],
    [
      11,
      null,
      398764591,
      null,
      7.5519791935981,
      1.1977102756500244,
      1,
      1719866829.3888464,
      1719866830.5875566,
      {}
    ],
    [
      11,
      null,
      924231285,
      null,
      7.5519791935981,
      1.219714641571045,
      1,
      1719866830.5910573,
      1719866831.811272,
      {}
    ],
    [
      12,
      null,
      209652396,
      null,
      8.439731646376574,
      1.2082116603851318,
      1,
      1719866831.8152719,
      1719866833.0244842,
      {}
    ],
    [
      12,
      null,
      398764591,
      null,
      8.439731646376574,
      1.2187139987945557,
      1,
      1719866833.0279846,
      1719866834.2471986,
      {}
    ],
    [
      12,
      null,
      924231285,
      null,
      8.439731646376574,
      1.2137129306793213,
      1,
      1719866834.2506988,
      1719866835.4654124,
      {}
    ],
    [
      13,
      null,
      209652396,
      null,
      3.9302013157282407,
      1.2107126712799072,
      1,
      1719866835.469913,
      1719866836.6816258,
      {}
    ],
    [
      13,
      null,
      398764591,
      null,
      3.9302013157282407,
      1.2167136669158936,
      1,
      1719866836.6851265,
      1719866837.9023402,
      {}
    ],
    [
      13,
      null,
      924231285,
      null,
      3.9302013157282407,
      1.2302160263061523,
      1,
      1719866837.9058409,
      1719866839.1365566,
      {}
    ],
    [
      14,
      null,
      209652396,
      null,
      3.848488195107591,
      1.22621488571167,
      1,
      1719866839.674651,
      1719866840.901366,
      {}
    ],
    [
      14,
      null,
      398764591,
      null,
      3.848488195107591,
      1.2327160835266113,
      1,
      1719866840.905367,
      1719866842.1385832,
      {}
    ],
    [
      14,
      null,
      924231285,
      null,
      3.848488195107591,
      1.2392175197601318,
      1,
      1719866842.1420841,
      1719866843.3823013,
      {}
    ],
    [
      15,
      null,
      209652396,
      null,
      3.8074394745213382,
      1.227733850479126,
      1,
      1719866843.3873024,
      1719866844.6155362,
      {}
    ],
    [
      15,
      null,
      398764591,
      null,
      3.8074394745213382,
      1.224714756011963,
      1,
      1719866844.6195369,
      1719866845.8447518,
      {}
    ],
    [
