{
  "stats": {
    "submitted": 1,
    "finished": 1,
    "running": 0
  },
  "data": [
    [
      1,
      null,
      209652396,
      null,
      5.992395745040732,
      1.179206371307373,
      1,
      1719866784.2179213,
      1719866785.3981276,
      {}
    ]
  ],
  "configs": {
    "1": {
      "K1_M": 267,
      "K2_M": 6206,
      "K3_M": 1164,
      "V1_max": 0.50237485030666,
      "V2_max": 1.7365456855855883,
      "V3_max": 0.6450672294944524
    }
  },
  "config_origins": {
    "1": "Initial Design: Sobol"
  }
}