{
  "incumbent_ids": [
    159
  ],
  "rejected_config_ids": [
    2,
    1,
    4,
    3,
    6,
    7,
    8,
    9,
    10,
    11,
    12,
    5,
    13,
    14,
    16,
    17,
    18,
    15,
    19,
    21,
    22,
    23,
    24,
    25,
    26,
    27,
    28,
    29,
    30,
    20,
    32,
    33,
    34,
    35,
    36,
    37,
    38,
    39,
    40,
    31,
    41,
    43,
    44,
    45,
    46,
    47,
    48,
    49,
    42,
    51,
    52,
    53,
    54,
    55,
    56,
    50,
    58,
    59,
    57,
    61,
    62,
    63,
    64,
    65,
    66,
    67,
    68,
    69,
    70,
    60,
    71,
    73,
    74,
    75,
    76,
    72,
    78,
    79,
    80,
    81,
    82,
    83,
    84,
    85,
    86,
    87,
    88,
    89,
    90,
    77,
    92,
    93,
    94,
    95,
    96,
    97,
    98,
    99,
    100,
    101,
    102,
    103,
    104,
    105,
    106,
    107,
    108,
    109,
    91,
    111,
    112,
    113,
    114,
    115,
    116,
    117,
    118,
    119,
    120,
    121,
    122,
    123,
    124,
    125,
    126,
    127,
    128,
    129,
    130,
    131,
    132,
    133,
    134,
    135,
    136,
    137,
    138,
    139,
    140,
    141,
    142,
    143,
    144,
    145,
    146,
    147,
    148,
    149,
    150,
    151,
    152,
    153,
    154,
    155,
    156,
    157,
    158,
    110,
    160,
    161,
    162,
    163,
    164,
    165,
    166,
    167,
    168,
    169,
    170,
    171,
    172,
    173,
    174,
    175,
    176,
    177,
    178,
    179,
    180,
    181,
    182,
    183,
    184,
    185,
    186,
    187,
    188,
    189,
    190,
    191,
    192,
    193,
    194,
    195,
    196,
    197,
    198,
    199,
    200,
    201,
    202,
    203,
    204,
    205,
    206,
    207,
    208,
    209,
    210,
    211,
    212,
    213,
    214,
    215,
    216,
    217
  ],
  "incumbents_changed": 20,
  "trajectory": [
    {
      "config_ids": [
        1
      ],
      "costs": [
        5.992395745040732
      ],
      "trial": 1,
      "walltime": 1.3252322673797607
    },
    {
      "config_ids": [
        3
      ],
      "costs": [
        4.559306418830631
      ],
      "trial": 8,
      "walltime": 10.87440824508667
    },
    {
      "config_ids": [
        5
      ],
      "costs": [
        3.974554625500962
      ],
      "trial": 14,
      "walltime": 19.0628445148468
    },
    {
      "config_ids": [
        13
      ],
      "costs": [
        3.9302013157282407
      ],
      "trial": 38,
      "walltime": 52.6277334690094
    },
    {
      "config_ids": [
        14
      ],
      "costs": [
        3.8484881951075907
      ],
      "trial": 41,
      "walltime": 57.19753551483154
    },
    {
      "config_ids": [
        15
      ],
      "costs": [
        3.8074394745213382
      ],
      "trial": 44,
      "walltime": 61.189735651016235
    },
    {
      "config_ids": [
        19
      ],
      "costs": [
        3.794446093580713
      ],
      "trial": 56,
      "walltime": 77.31006479263306
    },
    {
      "config_ids": [
        20
      ],
      "costs": [
        2.819147052035919
      ],
      "trial": 59,
      "walltime": 81.37227773666382
    },
    {
      "config_ids": [
        31
      ],
      "costs": [
        2.7786341142556648
      ],
      "trial": 92,
      "walltime": 126.90026521682739
    },
    {
      "config_ids": [
        41
      ],
      "costs": [
        2.7323515515529144
      ],
      "trial": 122,
      "walltime": 168.00047707557678
    },
    {
      "config_ids": [
        42
      ],
      "costs": [
        2.7274897404483256
      ],
      "trial": 125,
      "walltime": 171.98767638206482
    },
    {
      "config_ids": [
        50
      ],
      "costs": [
        2.7271008300974593
      ],
      "trial": 149,
      "walltime": 204.60389876365662
    },
    {
      "config_ids": [
        57
      ],
      "costs": [
        2.726322277227041
      ],
      "trial": 170,
      "walltime": 233.30043387413025
    },
    {
      "config_ids": [
        60
      ],
      "costs": [
        2.7261251016865047
      ],
      "trial": 179,
      "walltime": 245.46006751060486
    },
    {
      "config_ids": [
        71
      ],
      "costs": [
        2.7260862074813645
      ],
      "trial": 212,
      "walltime": 291.8362045288086
    },
    {
      "config_ids": [
        72
      ],
      "costs": [
        2.725822033863633
      ],
      "trial": 215,
      "walltime": 295.88241505622864
    },
    {
      "config_ids": [
        77
      ],
      "costs": [
        2.725261008489443
      ],
      "trial": 230,
      "walltime": 315.60037422180176
    },
    {
      "config_ids": [
        91
      ],
      "costs": [
        2.725192564901029
      ],
      "trial": 272,
      "walltime": 371.34215450286865
    },
    {
      "config_ids": [
        110
      ],
      "costs": [
        2.7251925649010276
      ],
      "trial": 329,
      "walltime": 448.25264954566956
    },
    {
      "config_ids": [
        159
      ],
      "costs": [
        2.725192494274571
      ],
      "trial": 476,
      "walltime": 641.0009517669678
    }
  ],
  "state": {
    "queue": [
      [
        218,
        1
      ]
    ]
  }
}