{
  "incumbent_ids": [
    2
  ],
  "rejected_config_ids": [
    1
  ],
  "incumbents_changed": 2,
  "trajectory": [
    {
      "config_ids": [
        1
      ],
      "costs": [
        3.781308682646213
      ],
      "trial": 1,
      "walltime": 1.1326987743377686
    },
    {
      "config_ids": [
        2
      ],
      "costs": [
        1.5856790432356176
      ],
      "trial": 4,
      "walltime": 4.7013232707977295
    }
  ],
  "state": {
    "queue": []
  }
}