{
  "stats": {
    "submitted": 5,
    "finished": 5,
    "running": 0
  },
  "data": [
    [
      1,
      null,
      209652396,
      null,
      3.781308682646213,
      1.1311976909637451,
      1,
      1700084239.3620477,
      1700084240.4937453,
      {}
    ],
    [
      1,
      null,
      398764591,
      null,
      3.781308682646213,
      1.1356987953186035,
      1,
      1700084240.4962459,
      1700084241.6324449,
      {}
    ],
    [
      2,
      null,
      209652396,
      null,
      1.5856790432356176,
      1.1351990699768066,
      1,
      1700084241.77647,
      1700084242.912169,
      {}
    ],
    [
      2,
      null,
      398764591,
      null,
      1.5856790432356176,
      1.1472010612487793,
      1,
      1700084242.9141693,
      1700084244.0618703,
      {}
    ],
    [
      2,
      null,
      924231285,
      null,
      1.5856790432356176,
      1.1336984634399414,
      1,
      1700084244.0648706,
      1700084245.1990693,
      {}
    ]
  ],
  "configs": {
    "1": {
      "K1_M": 214,
      "K2_M": 3724,
      "K3_M": 10751,
      "V1_max": 0.1702092133658007,
      "V2_max": 1.7228183292029426,
      "V3_max": 0.9915358106903732
    },
    "2": {
      "K1_M": 714,
      "K2_M": 523,
      "K3_M": 78053,
      "V1_max": 0.6196127178579391,
      "V2_max": 1.3639587779078632,
      "V3_max": 0.2587236690120518
    }
  },
  "config_origins": {
    "1": "Initial Design: Sobol",
    "2": "Acquisition Function Maximizer: Random Search (sorted)"
  }
}